timestamp,cpu_usage,load1,load5,load15,mem_total,mem_used,mem_available,mem_percent,disk_total,disk_used,disk_free,disk_percent,uptime_seconds,total_proc,running_proc,sleeping_proc,top_cpu_1,top_cpu_1_percent,top_cpu_2,top_cpu_2_percent,top_cpu_3,top_cpu_3_percent,top_mem_1,top_mem_1_percent,top_mem_2,top_mem_2_percent,top_mem_3,top_mem_3_percent
2026-01-26 21:44:03,0.5,0.27392578125,0.193359375,0.125,4069044224,1157246976,2614767616,35.7,26238750720,12339445760,12540510208,49.6,3751,206,1,146,systemd,0.0,kthreadd,0.0,pool_workqueue_release,0.0,gnome-shell,12.165662223090157,nautilus,6.5592665330540285,mutter-x11-frames,2.558336411926891
2026-01-26 21:44:15,0.5,0.2314453125,0.1865234375,0.123046875,4069044224,1157496832,2614521856,35.7,26238750720,12339445760,12540510208,49.6,3763,206,1,146,gnome-shell,2.1,kworker/u9:1-events_unbound,0.5,python3,0.5,gnome-shell,12.16556156063051,nautilus,6.5592665330540285,mutter-x11-frames,2.558336411926891
2026-01-26 21:44:26,0.5,0.2763671875,0.19677734375,0.126953125,4069044224,1157488640,2614521856,35.7,26238750720,12339445760,12540510208,49.6,3774,206,1,146,gnome-shell,1.5,VBoxDRMClient,0.3,systemd-oomd,0.1,gnome-shell,12.166870172605918,nautilus,6.5592665330540285,mutter-x11-frames,2.558336411926891
2026-01-26 21:44:37,0.5,0.2333984375,0.18994140625,0.125,4069044224,1157480448,2614538240,35.7,26238750720,12339445760,12540510208,49.6,3785,206,1,146,gnome-shell,1.0,gnome-terminal-server,0.3,python3,0.2,gnome-shell,12.163447648977924,nautilus,6.5592665330540285,mutter-x11-frames,2.558336411926891
2026-01-26 21:44:48,1.0,0.19677734375,0.18310546875,0.123046875,4069044224,1157472256,2614538240,35.7,26238750720,12339445760,12540510208,49.6,3796,206,1,146,gnome-shell,1.2,kworker/u9:2-events_unbound,0.3,VBoxDRMClient,0.2,gnome-shell,12.163447648977924,nautilus,6.5592665330540285,mutter-x11-frames,2.558336411926891
2026-01-26 21:44:59,1.5,0.15234375,0.17333984375,0.1201171875,4069044224,1157464064,2614538240,35.7,26238750720,12339445760,12540510208,49.6,3807,206,1,146,gnome-shell,1.2,gnome-terminal-server,0.3,kworker/u9:2-events_unbound,0.3,gnome-shell,12.163950961276159,nautilus,6.5592665330540285,mutter-x11-frames,2.558336411926891
2026-01-26 22:02:46,0.5,0.2158203125,0.0625,0.05029296875,4069044224,1003859968,2774867968,31.8,26238750720,12340084736,12539871232,49.6,4873,9145,204,1,144,systemd,0.0,kthreadd,0.0,pool_workqueue_release,0.0,gnome-shell,12.070032886425567,mutter-x11-frames,2.558336411926891,gsd-xsettings,2.1018321574280336
2026-01-26 22:02:57,0.0,0.18212890625,0.0595703125,0.04931640625,4069044224,1003851776,2774867968,31.8,26238750720,12340084736,12539871232,49.6,4884,9167,204,1,144,gnome-shell,0.7,kworker/u10:1-events_unbound,0.2,python3,0.2,gnome-shell,12.070032886425567,mutter-x11-frames,2.558336411926891,gsd-xsettings,2.1018321574280336
2026-01-26 22:03:08,1.0,0.15380859375,0.05712890625,0.04833984375,4069044224,1003839488,2774888448,31.8,26238750720,12340084736,12539871232,49.6,4895,9189,204,1,144,gnome-shell,1.5,kworker/u10:1-events_power_efficient,0.3,VBoxDRMClient,0.2,gnome-shell,12.07254944791674,mutter-x11-frames,2.558336411926891,gsd-xsettings,2.1018321574280336
2026-01-26 22:03:19,0.5,0.11865234375,0.05419921875,0.046875,4069044224,1003827200,2774896640,31.8,26238750720,12340088832,12539867136,49.6,4906,9211,204,1,144,gnome-shell,0.3,gnome-terminal-server,0.2,python3,0.2,gnome-shell,12.072448785457093,mutter-x11-frames,2.558336411926891,gsd-xsettings,2.1018321574280336
2026-01-26 22:03:30,1.0,0.10009765625,0.05224609375,0.0458984375,4069044224,1003819008,2774900736,31.8,26238750720,12340088832,12539867136,49.6,4917,9232,204,1,144,gnome-shell,1.7,gnome-terminal-server,0.2,kworker/u10:0-events_freezable_pwr_efficient,0.2,gnome-shell,12.070838186102742,mutter-x11-frames,2.558336411926891,gsd-xsettings,2.1018321574280336
2026-01-29 18:15:44,0.8,0.431640625,0.25,0.14208984375,16672555008,1609363456,14827827200,11.1,1081101176832,2810585088,1023298236416,0.3,1251,19816,95,0,95,systemd,0.0,init-systemd(Ub,0.0,init,0.0,node,4.754857450580379,node,1.648786570913079,node,0.7317130694213512
2026-01-29 18:15:55,2.3,0.36474609375,0.2412109375,0.14013671875,16672555008,1593696256,14843502592,11.0,1081101176832,2810589184,1023298232320,0.3,1263,19991,95,0,95,node,4.0,node,3.7,node,0.5,node,4.635288302417817,node,1.648786570913079,node,0.7317130694213512
2026-01-29 18:16:06,0.3,0.30810546875,0.232421875,0.13818359375,16672555008,1593176064,14843998208,11.0,1081101176832,2810593280,1023298228224,0.3,1274,20166,92,0,92,node,3.3,node,0.5,node,0.5,node,4.635288302417817,node,1.648786570913079,node,0.7317130694213512
2026-01-29 18:16:17,0.1,0.33447265625,0.2412109375,0.14208984375,16672555008,1593778176,14843408384,11.0,1081101176832,2810597376,1023298224128,0.3,1285,20341,92,0,92,node,3.2,node,0.5,node,0.4,node,4.636074456669143,node,1.648786570913079,node,0.7317130694213512
2026-01-29 18:16:29,0.7,0.28271484375,0.232421875,0.14013671875,16672555008,1592246272,14845865984,11.0,1081101176832,2810601472,1023298220032,0.3,1296,20516,92,0,92,node,4.2,node,0.5,node,0.5,node,4.636860610920468,node,1.648786570913079,node,0.7317130694213512
2026-01-29 18:16:40,0.4,0.2998046875,0.23779296875,0.14306640625,16672555008,1607548928,14830555136,11.0,1081101176832,2810601472,1023298220032,0.3,1307,20691,92,0,92,node,3.2,node,0.5,node,0.4,node,4.6376467651717945,node,1.648786570913079,node,0.7324992236726768
2026-01-29 18:16:51,0.3,0.2529296875,0.2294921875,0.14111328125,16672555008,1605705728,14832402432,11.0,1081101176832,2810601472,1023298220032,0.3,1318,20866,92,0,92,node,3.4,node,0.8,node,0.5,node,4.638432919423121,node,1.648786570913079,node,0.7324992236726768
2026-01-29 18:17:03,1.2,0.21337890625,0.2216796875,0.13916015625,16672555008,1610747904,14827327488,11.1,1081101176832,2810605568,1023298215936,0.3,1329,21041,95,0,95,node,4.3,node,0.7,node,0.5,node,4.640005227925771,node,1.6495727251644043,node,0.7324992236726768
2026-01-29 18:17:14,0.6,0.18017578125,0.2138671875,0.13720703125,16672555008,1608888320,14829203456,11.1,1081101176832,2810605568,1023298215936,0.3,1340,21216,92,0,92,node,3.3,node,0.5,node,0.4,node,4.640791382177097,node,1.6495727251644043,node,0.7332853779240024
2026-01-29 18:17:25,0.6,0.1396484375,0.2021484375,0.13427734375,16672555008,1609936896,14828163072,11.1,1081101176832,2810609664,1023298211840,0.3,1351,21391,95,0,95,node,3.2,node,0.5,node,0.4,node,4.6439359991824,node,1.6495727251644043,node,0.7332853779240024
2026-01-29 18:17:36,0.2,0.19189453125,0.2119140625,0.13818359375,16672555008,1612308480,14825758720,11.1,1081101176832,2810609664,1023298211840,0.3,1362,21566,92,0,92,node,2.9,node,0.5,node,0.4,node,4.6470806161877025,node,1.6495727251644043,node,0.7332853779240024
2026-01-29 18:17:47,0.6,0.162109375,0.2041015625,0.13623046875,16672555008,1611202560,14826823680,11.1,1081101176832,2810609664,1023298211840,0.3,1373,21741,92,0,92,node,3.7,node,0.4,node,0.3,node,4.649439078941679,node,1.6503588794157302,node,0.7332853779240024
2026-01-29 18:17:59,0.1,0.13671875,0.197265625,0.13427734375,16672555008,1615372288,14822686720,11.1,1081101176832,2810609664,1023298211840,0.3,1384,21917,92,0,92,node,3.0,node,0.5,node,0.3,node,4.654942158700958,node,1.6503588794157302,node,0.7332853779240024
2026-01-29 18:18:10,0.1,0.115234375,0.1904296875,0.13232421875,16672555008,1618563072,14819500032,11.1,1081101176832,2810613760,1023298207744,0.3,1395,22092,92,0,92,node,3.1,node,0.5,node,0.3,node,4.658086775706261,node,1.6503588794157302,node,0.7332853779240024
2026-01-29 18:18:21,0.6,0.08935546875,0.18017578125,0.12939453125,16672555008,1615663104,14822400000,11.1,1081101176832,2810613760,1023298207744,0.3,1406,22267,92,0,92,node,3.4,node,0.4,node,0.4,node,4.661231392711564,node,1.6503588794157302,node,0.7332853779240024
2026-01-29 18:18:33,0.7,0.1494140625,0.1904296875,0.13330078125,16672555008,1615360000,14822699008,11.1,1081101176832,2810613760,1023298207744,0.3,1417,22442,92,0,92,node,3.1,node,0.3,node,0.3,node,4.663589855465541,node,1.6503588794157302,node,0.7332853779240024
2026-01-29 18:18:44,0.1,0.1259765625,0.18359375,0.13134765625,16672555008,1621151744,14816919552,11.1,1081101176832,2810617856,1023298203648,0.3,1428,22618,92,0,92,node,2.9,node,0.4,node,0.3,node,4.666734472470843,node,1.6503588794157302,node,0.7332853779240024
2026-01-29 18:18:55,0.4,0.1064453125,0.1767578125,0.12939453125,16672555008,1609691136,14828400640,11.1,1081101176832,2810621952,1023298199552,0.3,1439,22793,92,1,91,node,3.5,node,0.5,node,0.5,node,4.66909293522482,node,1.6503588794157302,node,0.7332853779240024
2026-01-29 18:19:06,0.8,0.08935546875,0.17041015625,0.12744140625,16672555008,1612009472,14826106880,11.1,1081101176832,2810621952,1023298199552,0.3,1450,22968,92,0,92,node,3.3,node,0.6,node,0.5,node,4.671451397978797,node,1.6503588794157302,node,0.7340715321753282
2026-01-29 18:19:17,0.1,0.06884765625,0.16162109375,0.12451171875,16672555008,1613127680,14824980480,11.1,1081101176832,2810621952,1023298199552,0.3,1461,23143,92,0,92,node,3.1,node,0.7,node,0.5,node,4.673809860732774,node,1.6503588794157302,node,0.7340715321753282
2026-01-29 18:19:28,0.3,0.0576171875,0.15576171875,0.12255859375,16672555008,1610104832,14827991040,11.1,1081101176832,2810621952,1023298199552,0.3,1472,23318,92,0,92,node,3.1,node,0.5,node,0.4,node,4.676954477738077,node,1.6503588794157302,node,0.7340715321753282
2026-01-29 18:19:40,0.6,0.04833984375,0.14990234375,0.12060546875,16672555008,1617186816,14820892672,11.1,1081101176832,2810626048,1023298195456,0.3,1483,23493,92,0,92,node,3.5,node,0.5,node,0.4,node,4.676954477738077,node,1.6503588794157302,node,0.7340715321753282
2026-01-29 18:19:51,0.7,0.04052734375,0.14453125,0.11865234375,16672555008,1617969152,14820110336,11.1,1081101176832,2810626048,1023298195456,0.3,1494,23668,92,0,92,node,3.2,node,0.5,node,0.4,node,4.677740631989403,node,1.6503588794157302,node,0.7340715321753282
2026-01-29 18:20:02,0.5,0.03369140625,0.1396484375,0.11669921875,16672555008,1620168704,14817902592,11.1,1081101176832,2810626048,1023298195456,0.3,1505,23843,92,0,92,node,3.2,node,0.5,node,0.4,node,4.677740631989403,node,1.6503588794157302,node,0.7340715321753282
2026-01-29 18:20:14,0.7,0.025390625,0.13232421875,0.11376953125,16672555008,1614774272,14823297024,11.1,1081101176832,2810630144,1023298191360,0.3,1516,24019,92,0,92,node,3.5,node,0.5,node,0.4,node,4.677740631989403,node,1.6503588794157302,node,0.7340715321753282
2026-01-29 18:20:25,0.7,0.02099609375,0.12744140625,0.11181640625,16672555008,1618608128,14819463168,11.1,1081101176832,2810626048,1023298195456,0.3,1527,24194,92,0,92,node,3.4,node,0.5,node,0.5,node,4.677740631989403,node,1.6503588794157302,node,0.7340715321753282
2026-01-29 18:20:36,0.1,0.09765625,0.1396484375,0.11572265625,16672555008,1610813440,14827212800,11.1,1081101176832,2810626048,1023298195456,0.3,1538,24368,92,0,92,node,5.4,node,0.7,node,0.5,node,4.677740631989403,node,1.6503588794157302,node,0.7340715321753282
2026-01-29 18:20:47,0.2,0.08203125,0.134765625,0.11376953125,16672555008,1609887744,14828204032,11.1,1081101176832,2810626048,1023298195456,0.3,1549,24543,91,0,91,node,3.2,node,0.4,node,0.3,node,4.677740631989403,node,1.6503588794157302,node,0.7340715321753282
2026-01-29 18:20:58,0.9,0.06884765625,0.1298828125,0.11181640625,16672555008,1611718656,14826377216,11.1,1081101176832,2810626048,1023298195456,0.3,1560,24718,91,0,91,node,3.7,node,0.4,node,0.4,node,4.678526786240728,node,1.6503588794157302,node,0.7340715321753282
2026-01-29 18:21:09,0.1,0.052734375,0.12255859375,0.10888671875,16672555008,1610944512,14827134976,11.1,1081101176832,2810626048,1023298195456,0.3,1571,24894,91,0,91,node,3.0,node,0.4,node,0.3,node,4.6793129404920535,node,1.6503588794157302,node,0.7348576864266537
2026-01-29 18:21:21,0.3,0.04443359375,0.11767578125,0.10693359375,16672555008,1613430784,14824648704,11.1,1081101176832,2810630144,1023298191360,0.3,1582,25069,91,0,91,node,2.8,node,0.4,node,0.4,node,4.6793129404920535,node,1.6503588794157302,node,0.7348576864266537
2026-01-29 18:21:32,0.6,0.037109375,0.11328125,0.10498046875,16672555008,1618747392,14819340288,11.1,1081101176832,2810630144,1023298191360,0.3,1593,25244,91,0,91,node,3.4,node,0.4,node,0.3,node,4.6793129404920535,node,1.6503588794157302,node,0.7348576864266537
2026-01-29 18:21:43,0.8,0.03076171875,0.109375,0.10302734375,16672555008,1617539072,14820560896,11.1,1081101176832,2810634240,1023298187264,0.3,1604,25420,91,0,91,node,3.1,node,0.4,node,0.3,node,4.6793129404920535,node,1.6503588794157302,node,0.7348576864266537
2026-01-29 18:21:55,0.0,0.025390625,0.10546875,0.10107421875,16672555008,1620688896,14817415168,11.1,1081101176832,2810634240,1023298187264,0.3,1615,25595,91,0,91,node,3.1,node,0.3,node,0.3,node,4.6793129404920535,node,1.6503588794157302,node,0.7348576864266537
2026-01-29 18:22:06,0.4,0.15478515625,0.13232421875,0.109375,16672555008,1616728064,14821376000,11.1,1081101176832,2810634240,1023298187264,0.3,1626,25770,91,0,91,node,3.4,node,0.4,node,0.4,node,4.6793129404920535,node,1.6503588794157302,node,0.7348576864266537
2026-01-29 18:22:17,0.6,0.13037109375,0.12744140625,0.107421875,16672555008,1612333056,14825775104,11.1,1081101176832,2810638336,1023298183168,0.3,1637,25945,91,0,91,node,3.0,node,0.4,node,0.4,node,4.6793129404920535,node,1.6503588794157302,node,0.7348576864266537
2026-01-29 18:22:28,0.2,0.18408203125,0.1396484375,0.111328125,16672555008,1611763712,14826336256,11.1,1081101176832,2810638336,1023298183168,0.3,1648,26121,91,0,91,node,2.9,node,0.4,python3,0.3,node,4.6793129404920535,node,1.6503588794157302,node,0.7348576864266537
2026-01-29 18:22:39,0.2,0.1552734375,0.134765625,0.109375,16672555008,1611694080,14826426368,11.1,1081101176832,2810638336,1023298183168,0.3,1659,26296,91,0,91,node,3.0,node,0.3,node,0.3,node,4.6793129404920535,node,1.6503588794157302,node,0.7348576864266537
2026-01-29 18:22:50,0.6,0.21142578125,0.14697265625,0.11328125,16672555008,1617772544,14820343808,11.1,1081101176832,2810642432,1023298179072,0.3,1670,26471,91,0,91,node,3.4,node,0.4,node,0.3,node,4.6793129404920535,node,1.6503588794157302,node,0.7348576864266537
2026-01-29 18:23:02,0.3,0.1640625,0.1396484375,0.1103515625,16672555008,1616175104,14821924864,11.1,1081101176832,2810642432,1023298179072,0.3,1681,26647,91,0,91,node,3.0,node,0.4,node,0.4,node,4.6793129404920535,node,1.6503588794157302,node,0.7348576864266537
2026-01-29 18:23:13,0.1,0.138671875,0.134765625,0.1083984375,16672555008,1614925824,14823186432,11.1,1081101176832,2810642432,1023298179072,0.3,1693,26822,91,0,91,node,2.9,node,0.3,(udev-worker),0.2,node,4.6793129404920535,node,1.6503588794157302,node,0.7348576864266537
2026-01-29 18:23:24,0.7,0.1171875,0.1298828125,0.1064453125,16672555008,1612439552,14825660416,11.1,1081101176832,2810642432,1023298179072,0.3,1704,26997,91,0,91,node,3.4,node,0.4,node,0.3,node,4.6793129404920535,node,1.6503588794157302,node,0.7348576864266537
2026-01-29 18:23:36,0.7,0.0986328125,0.125,0.1044921875,16672555008,1612480512,14825627648,11.1,1081101176832,2810642432,1023298179072,0.3,1715,27173,91,0,91,node,3.0,node,0.5,node,0.3,node,4.6793129404920535,node,1.6503588794157302,node,0.7348576864266537
2026-01-29 18:23:47,0.1,0.0830078125,0.1201171875,0.1025390625,16672555008,1617035264,14821048320,11.1,1081101176832,2810642432,1023298179072,0.3,1726,27348,91,0,91,node,3.0,node,0.3,node,0.3,node,4.6793129404920535,node,1.6503588794157302,node,0.7348576864266537
2026-01-29 18:23:58,0.1,0.06396484375,0.11328125,0.099609375,16672555008,1615572992,14822494208,11.1,1081101176832,2810642432,1023298179072,0.3,1737,27523,92,1,91,node,3.0,node,0.4,node,0.4,node,4.6793129404920535,node,1.6503588794157302,node,0.7348576864266537
2026-01-29 18:24:09,0.7,0.0537109375,0.109375,0.09765625,16672555008,1621049344,14817017856,11.1,1081101176832,2810646528,1023298174976,0.3,1748,27699,91,0,91,node,3.3,node,0.4,node,0.3,node,4.6793129404920535,node,1.6503588794157302,node,0.7348576864266537
2026-01-29 18:24:20,0.2,0.044921875,0.10546875,0.095703125,16672555008,1615970304,14822100992,11.1,1081101176832,2810646528,1023298174976,0.3,1759,27874,91,0,91,node,3.0,node,0.5,node,0.3,node,4.6793129404920535,node,1.6503588794157302,node,0.7348576864266537
2026-01-29 18:24:31,0.2,0.03759765625,0.1015625,0.09375,16672555008,1616039936,14822043648,11.1,1081101176832,2810646528,1023298174976,0.3,1770,28050,91,0,91,node,2.9,node,0.4,node,0.4,node,4.6793129404920535,node,1.6503588794157302,node,0.7348576864266537
2026-01-29 18:24:43,0.9,0.03125,0.09765625,0.091796875,16672555008,1472045056,14966042624,10.2,1081101176832,2810654720,1023298166784,0.3,1781,28216,91,3,88,node,5.4,node,3.1,node,0.4,node,3.851148571361187,node,1.6582204219289867,node,0.7348576864266537
2026-01-29 18:24:54,1.3,0.09765625,0.10888671875,0.09521484375,16672555008,1436495872,15001604096,10.0,1081101176832,2810654720,1023298166784,0.3,1792,28391,91,0,91,node,3.0,node,2.3,node,0.3,node,3.6089639273121783,node,1.6582204219289867,node,0.7348576864266537
2026-01-29 18:25:05,0.2,0.08203125,0.10498046875,0.09326171875,16672555008,1384931328,15053160448,9.7,1081101176832,2810658816,1023298162688,0.3,1803,28566,91,0,91,node,4.2,node,2.5,node,0.5,node,3.3066384830367563,node,1.6582204219289867,node,0.7348576864266537
2026-01-29 18:25:16,3.6,0.06884765625,0.10107421875,0.09130859375,16672555008,1400979456,15037120512,9.8,1081101176832,2810658816,1023298162688,0.3,1814,28740,92,0,91,node,4.7,node,3.4,node,0.4,node,3.3860400624206477,node,1.6582204219289867,node,0.7356438406779795
2026-01-29 18:25:27,0.6,0.0576171875,0.09716796875,0.08984375,16672555008,1401450496,15036604416,9.8,1081101176832,2810703872,1023298117632,0.3,1825,28915,91,0,91,node,5.4,node,0.6,systemd-udevd,0.2,node,3.3883985251746247,node,1.6582204219289867,node,0.7356438406779795
2026-01-29 18:25:39,0.1,0.12255859375,0.1103515625,0.09423828125,16672555008,1401790464,15036366848,9.8,1081101176832,2810703872,1023298117632,0.3,1836,29090,91,0,91,node,3.2,node,0.5,node,0.4,node,3.3907569879286017,node,1.6582204219289867,node,0.7356438406779795
2026-01-29 18:25:50,0.1,0.0947265625,0.1044921875,0.09130859375,16672555008,1399189504,15038984192,9.8,1081101176832,2810703872,1023298117632,0.3,1847,29266,91,1,90,node,2.7,node,0.5,node,0.3,node,3.3923292964312526,node,1.6582204219289867,node,0.7356438406779795
2026-01-29 18:26:01,0.6,0.15380859375,0.1171875,0.09521484375,16672555008,1336422400,15101734912,9.4,1081101176832,2810703872,1023298117632,0.3,1858,29441,91,0,91,node,3.5,node,3.2,node,0.6,node,2.9923487537489732,node,1.6582204219289867,node,0.7356438406779795
2026-01-29 18:26:12,0.2,0.12939453125,0.11328125,0.09326171875,16672555008,1329905664,15108263936,9.4,1081101176832,2810707968,1023298113536,0.3,1869,29616,91,0,91,node,2.5,node,0.5,node,0.2,node,2.9947072165029502,node,1.6582204219289867,node,0.7356438406779795
2026-01-29 18:26:24,0.2,0.26953125,0.14306640625,0.1025390625,16672555008,1335844864,15102337024,9.4,1081101176832,2810707968,1023298113536,0.3,1880,29791,91,0,91,node,2.6,node,0.3,node,0.3,node,2.997065679256927,node,1.6582204219289867,node,0.7356438406779795
2026-01-29 18:26:35,0.6,0.2275390625,0.13818359375,0.1005859375,16672555008,1336041472,15102132224,9.4,1081101176832,2810707968,1023298113536,0.3,1891,29967,91,0,91,node,3.2,node,0.5,node,0.4,node,3.000996450513555,node,1.6582204219289867,node,0.7356438406779795
2026-01-29 18:26:46,0.7,0.17626953125,0.130859375,0.09765625,16672555008,1339863040,15098310656,9.4,1081101176832,2810707968,1023298113536,0.3,1902,30142,91,0,91,node,2.7,node,0.4,node,0.4,node,3.004141067518858,node,1.6582204219289867,node,0.7356438406779795
2026-01-29 18:26:57,0.2,0.14892578125,0.1259765625,0.095703125,16672555008,1343262720,15094898688,9.5,1081101176832,2810707968,1023298113536,0.3,1913,30318,91,0,91,node,2.6,node,0.4,node,0.3,node,3.0072856845241605,node,1.6582204219289867,node,0.7356438406779795
2026-01-29 18:27:08,0.7,0.12548828125,0.12109375,0.09375,16672555008,1335885824,15102296064,9.4,1081101176832,2810707968,1023298113536,0.3,1924,30493,91,0,91,node,3.1,node,0.4,node,0.3,node,3.010430301529463,node,1.6582204219289867,node,0.7356438406779795
2026-01-29 18:27:19,0.5,0.25341796875,0.1494140625,0.10302734375,16672555008,1336938496,15101227008,9.4,1081101176832,2810707968,1023298113536,0.3,1935,30668,91,0,91,node,2.5,node,0.5,node,0.3,node,3.0143610727860914,node,1.6582204219289867,node,0.7356438406779795
2026-01-29 18:27:31,0.2,0.2138671875,0.14404296875,0.10107421875,16672555008,1335476224,15102652416,9.4,1081101176832,2810712064,1023298109440,0.3,1946,30844,91,0,91,node,2.6,node,0.4,node,0.3,node,3.015147227037417,node,1.6582204219289867,node,0.7356438406779795
2026-01-29 18:27:42,0.2,0.16552734375,0.13671875,0.09814453125,16672555008,1336221696,15101923328,9.4,1081101176832,2810712064,1023298109440,0.3,1957,31019,92,0,92,node,2.7,node,0.4,node,0.4,node,3.016719535540068,node,1.6582204219289867,node,0.7356438406779795
2026-01-29 18:27:53,0.6,0.1396484375,0.1318359375,0.09619140625,16672555008,1335902208,15102226432,9.4,1081101176832,2810712064,1023298109440,0.3,1968,31194,91,0,91,node,2.8,node,0.5,node,0.3,node,3.0182918440427198,node,1.6582204219289867,node,0.7356438406779795
2026-01-29 18:28:04,0.2,0.11767578125,0.126953125,0.09423828125,16672555008,1343787008,15094358016,9.5,1081101176832,2810712064,1023298109440,0.3,1979,31370,91,0,91,node,2.6,node,0.4,systemd-udevd,0.2,node,3.0206503067966963,node,1.6582204219289867,node,0.7356438406779795
2026-01-29 18:28:15,0.2,0.09912109375,0.1220703125,0.09228515625,16672555008,1342914560,15095209984,9.5,1081101176832,2810712064,1023298109440,0.3,1990,31545,91,0,91,node,2.5,node,0.5,node,0.3,node,3.022222615299348,node,1.6582204219289867,node,0.7356438406779795
2026-01-29 18:28:27,0.7,0.07666015625,0.115234375,0.08984375,16672555008,1346228224,15091929088,9.5,1081101176832,2810712064,1023298109440,0.3,2001,31721,91,0,91,node,3.0,node,0.4,node,0.4,node,3.0237949238019994,node,1.6582204219289867,node,0.7356438406779795
2026-01-29 18:28:38,0.2,0.14501953125,0.12841796875,0.0947265625,16672555008,1338564608,15099580416,9.4,1081101176832,2810712064,1023298109440,0.3,2012,31896,91,0,91,node,2.5,node,0.4,node,0.3,node,3.0245810780533247,node,1.6582204219289867,node,0.7356438406779795
2026-01-29 18:28:49,0.0,0.12255859375,0.12353515625,0.0927734375,16672555008,1337827328,15100301312,9.4,1081101176832,2810712064,1023298109440,0.3,2023,32071,91,0,91,node,2.5,node,0.4,node,0.3,node,3.0261533865559764,node,1.6582204219289867,node,0.7356438406779795
2026-01-29 18:29:01,0.7,0.10302734375,0.11865234375,0.0908203125,16672555008,1343418368,15094714368,9.5,1081101176832,2810712064,1023298109440,0.3,2034,32247,91,0,91,node,3.0,node,0.4,node,0.4,node,3.0261533865559764,node,1.6582204219289867,node,0.7356438406779795
2026-01-29 18:29:12,0.7,0.0869140625,0.1142578125,0.08984375,16672555008,1342881792,15095255040,9.5,1081101176832,2810712064,1023298109440,0.3,2045,32422,91,0,91,node,2.6,node,0.4,node,0.2,node,3.0269395408073017,node,1.6582204219289867,node,0.7356438406779795
2026-01-29 18:29:23,0.1,0.06689453125,0.1083984375,0.08837890625,16672555008,1346101248,15092039680,9.5,1081101176832,2810712064,1023298109440,0.3,2056,32597,91,0,91,node,2.7,node,0.4,node,0.4,node,3.0269395408073017,node,1.6582204219289867,node,0.7356438406779795
2026-01-29 18:29:34,0.4,0.13671875,0.12158203125,0.09326171875,16672555008,1341591552,15096532992,9.5,1081101176832,2810712064,1023298109440,0.3,2067,32773,91,0,91,node,3.0,node,0.4,node,0.4,node,3.0277256950586273,node,1.6582204219289867,node,0.7356438406779795
2026-01-29 18:29:45,0.6,0.115234375,0.11669921875,0.09130859375,16672555008,1339744256,15098404864,9.4,1081101176832,2810712064,1023298109440,0.3,2078,32948,91,0,91,node,2.7,node,0.5,node,0.3,node,3.028511849309953,node,1.6582204219289867,node,0.7356438406779795
2026-01-29 18:29:56,0.2,0.09716796875,0.11279296875,0.08984375,16672555008,1340792832,15097315328,9.4,1081101176832,2810712064,1023298109440,0.3,2089,33123,91,0,91,node,2.7,node,0.5,node,0.4,node,3.0316564663152556,node,1.6582204219289867,node,0.7356438406779795
2026-01-29 18:30:08,0.1,0.08203125,0.10888671875,0.0888671875,16672555008,1345794048,15092297728,9.5,1081101176832,2810712064,1023298109440,0.3,2100,33299,91,0,91,node,2.7,node,0.4,node,0.4,node,3.0340149290692326,node,1.6582204219289867,node,0.7356438406779795
2026-01-29 18:30:19,0.6,0.06298828125,0.10302734375,0.08740234375,16672555008,1347219456,15090917376,9.5,1081101176832,2810716160,1023298105344,0.3,2111,33474,91,0,91,node,3.1,node,0.4,node,0.2,node,3.035587237571884,node,1.6582204219289867,node,0.7356438406779795
2026-01-29 18:30:30,0.2,0.052734375,0.09912109375,0.08642578125,16672555008,1335889920,15102234624,9.4,1081101176832,2810720256,1023298101248,0.3,2123,33650,91,0,91,node,2.7,node,0.5,node,0.5,node,3.035587237571884,node,1.6582204219289867,node,0.7356438406779795
2026-01-29 18:30:41,0.3,0.04443359375,0.09521484375,0.08544921875,16672555008,1337950208,15100149760,9.4,1081101176832,2810720256,1023298101248,0.3,2134,33825,91,0,91,node,2.6,node,0.3,node,0.3,node,3.0371595460745353,node,1.6582204219289867,node,0.7356438406779795
2026-01-29 18:30:52,0.6,0.037109375,0.09130859375,0.08447265625,16672555008,1337438208,15100698624,9.4,1081101176832,2810720256,1023298101248,0.3,2145,34000,91,1,90,node,3.1,node,0.5,node,0.3,node,3.0371595460745353,node,1.6582204219289867,node,0.7356438406779795
2026-01-29 18:31:03,0.6,0.1787109375,0.12060546875,0.09423828125,16672555008,1337061376,15101063168,9.4,1081101176832,2810728448,1023298093056,0.3,2156,34176,91,0,91,node,2.6,node,0.5,node,0.3,node,3.037945700325861,node,1.6582204219289867,node,0.7356438406779795
2026-01-29 18:31:15,0.2,0.138671875,0.11376953125,0.09130859375,16672555008,1338793984,15099351040,9.4,1081101176832,2810728448,1023298093056,0.3,2167,34351,91,0,91,node,2.7,node,0.4,node,0.3,node,3.0387318545771866,node,1.6582204219289867,node,0.7356438406779795
2026-01-29 18:31:26,0.7,0.1171875,0.10986328125,0.08984375,16672555008,1343791104,15094353920,9.5,1081101176832,2810728448,1023298093056,0.3,2178,34526,91,0,91,node,3.1,node,0.5,node,0.4,node,3.0403041630798375,node,1.6582204219289867,node,0.7356438406779795
2026-01-29 18:31:37,0.5,0.0986328125,0.10595703125,0.0888671875,16672555008,1346543616,15091593216,9.5,1081101176832,2810728448,1023298093056,0.3,2189,34702,91,0,91,node,2.6,node,0.3,node,0.3,node,3.0410903173311636,node,1.6582204219289867,node,0.7356438406779795
2026-01-29 18:31:48,0.1,0.0830078125,0.10205078125,0.087890625,16672555008,1342881792,15095255040,9.5,1081101176832,2810728448,1023298093056,0.3,2200,34877,91,0,91,node,2.6,node,0.5,node,0.3,node,3.0418764715824893,node,1.6582204219289867,node,0.7356438406779795
2026-01-29 18:31:59,0.2,0.06982421875,0.09814453125,0.0869140625,16672555008,1342570496,15095566336,9.5,1081101176832,2810728448,1023298093056,0.3,2211,35052,91,0,91,node,2.7,node,0.4,node,0.4,node,3.042662625833815,node,1.6582204219289867,node,0.7356438406779795
2026-01-29 18:32:10,0.6,0.0537109375,0.09228515625,0.08544921875,16672555008,1342222336,15095922688,9.5,1081101176832,2810728448,1023298093056,0.3,2222,35228,91,0,91,node,3.1,node,0.4,node,0.4,node,3.042662625833815,node,1.6582204219289867,node,0.7356438406779795
2026-01-29 18:32:22,0.2,0.19287109375,0.12158203125,0.09521484375,16672555008,1342947328,15095173120,9.5,1081101176832,2810728448,1023298093056,0.3,2233,35403,91,0,91,node,2.5,node,0.4,node,0.4,node,3.0434487800851406,node,1.6582204219289867,node,0.7356438406779795
2026-01-29 18:32:33,0.2,0.16259765625,0.11669921875,0.09326171875,16672555008,1342799872,15095328768,9.5,1081101176832,2810728448,1023298093056,0.3,2244,35578,91,0,91,node,2.7,node,0.4,node,0.2,node,3.0434487800851406,node,1.6582204219289867,node,0.7356438406779795
2026-01-29 18:32:44,0.6,0.13720703125,0.11279296875,0.09130859375,16672555008,1347710976,15090401280,9.5,1081101176832,2810728448,1023298093056,0.3,2255,35754,91,0,91,node,3.2,node,0.4,node,0.3,node,3.044234934336466,node,1.6582204219289867,node,0.7356438406779795
2026-01-29 18:32:56,0.3,0.11572265625,0.10888671875,0.08984375,16672555008,1353682944,15084396544,9.5,1081101176832,2810728448,1023298093056,0.3,2266,35929,91,0,91,node,2.6,node,0.5,node,0.3,node,3.044234934336466,node,1.6582204219289867,node,0.7356438406779795
2026-01-29 18:33:07,0.2,0.08935546875,0.10302734375,0.08837890625,16672555008,1351688192,15086399488,9.5,1081101176832,2810728448,1023298093056,0.3,2277,36105,91,0,91,node,2.6,node,0.5,python3,0.3,node,3.045021088587792,node,1.6582204219289867,node,0.7356438406779795
2026-01-29 18:33:18,0.5,0.0751953125,0.09912109375,0.08740234375,16672555008,1351086080,15087009792,9.5,1081101176832,2810732544,1023298088960,0.3,2288,36280,91,0,91,node,3.1,node,0.4,node,0.4,node,3.0458072428391176,node,1.6582204219289867,node,0.7356438406779795
2026-01-29 18:33:29,0.5,0.06298828125,0.09521484375,0.08642578125,16672555008,1348517888,15089569792,9.5,1081101176832,2810732544,1023298088960,0.3,2299,36455,91,0,91,node,2.7,node,0.4,node,0.3,node,3.046593397090443,node,1.661365038934289,node,0.7356438406779795
2026-01-29 18:33:40,0.1,0.052734375,0.09130859375,0.08544921875,16672555008,1343217664,15094865920,9.5,1081101176832,2810732544,1023298088960,0.3,2310,36631,91,0,91,node,2.5,node,0.4,node,0.3,node,3.046593397090443,node,1.661365038934289,node,0.7356438406779795
2026-01-29 18:33:51,0.2,0.04443359375,0.08740234375,0.08447265625,16672555008,1343823872,15094267904,9.5,1081101176832,2810732544,1023298088960,0.3,2321,36806,91,1,90,node,2.6,node,0.4,node,0.4,node,3.047379551341769,node,1.661365038934289,node,0.7356438406779795
2026-01-29 18:34:02,0.6,0.03369140625,0.0830078125,0.0830078125,16672555008,1347510272,15090630656,9.5,1081101176832,2810732544,1023298088960,0.3,2332,36981,91,0,91,node,3.0,node,0.4,node,0.3,node,3.048165705593094,node,1.661365038934289,node,0.7356438406779795
2026-01-29 18:34:14,0.2,0.02783203125,0.080078125,0.08203125,16672555008,1349185536,15088963584,9.5,1081101176832,2810732544,1023298088960,0.3,2343,37157,91,0,91,node,2.7,node,0.4,node,0.3,node,3.04895185984442,node,1.661365038934289,node,0.7356438406779795
2026-01-29 18:34:25,0.1,0.09716796875,0.09375,0.0869140625,16672555008,1347694592,15090446336,9.5,1081101176832,2810736640,1023298084864,0.3,2354,37332,91,0,91,node,2.7,node,0.4,node,0.3,node,3.04895185984442,node,1.661365038934289,node,0.7356438406779795
2026-01-29 18:34:36,0.5,0.08203125,0.08984375,0.0859375,16672555008,1348104192,15090032640,9.5,1081101176832,2810736640,1023298084864,0.3,2365,37508,91,0,91,node,3.1,node,0.3,python3,0.3,node,3.049738014095746,node,1.661365038934289,node,0.7356438406779795
2026-01-29 18:34:48,0.4,0.06884765625,0.08642578125,0.0849609375,16672555008,1351573504,15086571520,9.5,1081101176832,2810736640,1023298084864,0.3,2376,37683,91,0,91,node,2.7,node,0.4,node,0.4,node,3.049738014095746,node,1.661365038934289,node,0.7356438406779795
2026-01-29 18:34:59,0.3,0.052734375,0.08203125,0.08349609375,16672555008,1345384448,15092760576,9.5,1081101176832,2810736640,1023298084864,0.3,2387,37858,91,0,91,node,4.5,node,0.4,node,0.3,node,3.050524168347071,node,1.661365038934289,node,0.7356438406779795
2026-01-29 18:35:10,0.7,0.04443359375,0.0791015625,0.08251953125,16672555008,1346842624,15091286016,9.5,1081101176832,2810736640,1023298084864,0.3,2398,38033,91,0,91,node,3.1,node,0.3,node,0.3,node,3.050524168347071,node,1.661365038934289,node,0.7356438406779795
2026-01-29 18:35:21,0.7,0.037109375,0.076171875,0.08154296875,16672555008,1343324160,15094824960,9.5,1081101176832,2810736640,1023298084864,0.3,2409,38209,91,0,91,node,2.7,node,0.4,node,0.4,node,3.0520964768497225,node,1.661365038934289,node,0.7356438406779795
2026-01-29 18:35:32,0.1,0.10498046875,0.08984375,0.08642578125,16672555008,1345294336,15092813824,9.5,1081101176832,2810736640,1023298084864,0.3,2420,38384,91,0,91,node,3.0,node,0.3,node,0.3,node,3.0520964768497225,node,1.661365038934289,node,0.7356438406779795
2026-01-29 18:35:43,0.1,0.08837890625,0.08642578125,0.08544921875,16672555008,1343942656,15094206464,9.5,1081101176832,2810736640,1023298084864,0.3,2431,38560,91,0,91,node,2.9,node,0.5,node,0.4,node,3.0520964768497225,node,1.661365038934289,node,0.7356438406779795
2026-01-29 18:35:55,0.8,0.06787109375,0.08203125,0.083984375,16672555008,1339654144,15098470400,9.4,1081101176832,2810736640,1023298084864,0.3,2442,38735,91,0,91,node,3.3,node,0.4,node,0.4,node,3.052882631101048,node,1.661365038934289,node,0.7356438406779795
2026-01-29 18:36:06,0.2,0.056640625,0.0791015625,0.0830078125,16672555008,1343172608,15094931456,9.5,1081101176832,2810736640,1023298084864,0.3,2453,38910,91,0,91,node,2.6,node,0.4,node,0.2,node,3.052882631101048,node,1.661365038934289,node,0.7356438406779795
2026-01-29 18:36:17,0.3,0.04736328125,0.076171875,0.08203125,16672555008,1346793472,15091326976,9.5,1081101176832,2810740736,1023298080768,0.3,2464,39086,91,0,91,node,2.8,node,0.4,node,0.3,node,3.052882631101048,node,1.661365038934289,node,0.7356438406779795
2026-01-29 18:36:28,0.5,0.03955078125,0.0732421875,0.0810546875,16672555008,1350209536,15087894528,9.5,1081101176832,2810740736,1023298080768,0.3,2475,39261,91,0,91,node,3.2,node,0.4,node,0.3,node,3.0536687853523743,node,1.661365038934289,node,0.7356438406779795
2026-01-29 18:36:40,0.7,0.033203125,0.0703125,0.080078125,16672555008,1344155648,15093981184,9.5,1081101176832,2810744832,1023298076672,0.3,2486,39436,91,0,91,node,2.8,node,0.4,node,0.4,node,3.0536687853523743,node,1.661365038934289,node,0.7356438406779795
2026-01-29 18:36:51,0.2,0.025390625,0.06591796875,0.07861328125,16672555008,1346928640,15091216384,9.5,1081101176832,2810748928,1023298072576,0.3,2497,39612,91,0,91,node,2.7,node,0.3,node,0.2,node,3.0544549396036995,node,1.661365038934289,node,0.7356438406779795
2026-01-29 18:37:02,0.7,0.02099609375,0.06298828125,0.07763671875,16672555008,1351196672,15086931968,9.5,1081101176832,2810748928,1023298072576,0.3,2508,39787,91,0,91,node,3.2,node,0.4,node,0.3,node,3.055241093855025,node,1.661365038934289,node,0.7356438406779795
2026-01-29 18:37:13,0.7,0.09765625,0.0771484375,0.08251953125,16672555008,1345282048,15092822016,9.5,1081101176832,2810748928,1023298072576,0.3,2519,39962,91,0,91,node,2.7,node,1.2,node,0.4,node,3.0568134023576765,node,1.661365038934289,node,0.7356438406779795
2026-01-29 18:37:24,0.1,0.08203125,0.07421875,0.08154296875,16672555008,1350086656,15088050176,9.5,1081101176832,2810748928,1023298072576,0.3,2530,40138,91,0,91,node,2.6,node,0.4,node,0.3,node,3.0568134023576765,node,1.661365038934289,node,0.7356438406779795
2026-01-29 18:37:36,0.3,0.06884765625,0.0712890625,0.08056640625,16672555008,1352126464,15086006272,9.5,1081101176832,2810748928,1023298072576,0.3,2541,40313,91,0,91,node,2.7,node,0.3,node,0.3,node,3.0568134023576765,node,1.661365038934289,node,0.7356438406779795
2026-01-29 18:37:47,0.7,0.052734375,0.06689453125,0.0791015625,16672555008,1350590464,15087525888,9.5,1081101176832,2810748928,1023298072576,0.3,2552,40488,91,0,91,node,3.2,node,0.5,node,0.3,node,3.0568134023576765,node,1.661365038934289,node,0.7356438406779795
2026-01-29 18:37:58,0.1,0.04443359375,0.06396484375,0.078125,16672555008,1349492736,15088607232,9.5,1081101176832,2810748928,1023298072576,0.3,2564,40664,91,0,91,node,2.7,node,0.5,node,0.3,node,3.0568134023576765,node,1.661365038934289,node,0.7356438406779795
2026-01-29 18:38:09,0.1,0.037109375,0.06103515625,0.0771484375,16672555008,1346867200,15091208192,9.5,1081101176832,2810748928,1023298072576,0.3,2575,40839,91,0,91,node,2.7,node,0.4,node,0.4,node,3.0568134023576765,node,1.661365038934289,node,0.7356438406779795
2026-01-29 18:38:20,0.9,0.03076171875,0.05810546875,0.076171875,16672555008,1347129344,15091032064,9.5,1081101176832,2810748928,1023298072576,0.3,2586,41015,91,0,91,node,3.3,node,0.4,node,0.3,node,3.0568134023576765,node,1.661365038934289,node,0.7356438406779795
2026-01-29 18:38:31,0.9,0.099609375,0.07275390625,0.0810546875,16672555008,1344262144,15093923840,9.5,1081101176832,2810753024,1023298068480,0.3,2597,41190,91,0,91,node,2.8,node,0.5,node,0.4,node,3.0568134023576765,node,1.661365038934289,node,0.7356438406779795
2026-01-29 18:38:43,0.1,0.0771484375,0.068359375,0.07958984375,16672555008,1350750208,15087431680,9.5,1081101176832,2810753024,1023298068480,0.3,2608,41365,91,0,91,node,3.4,node,0.5,node,0.3,node,3.0568134023576765,node,1.661365038934289,node,0.7356438406779795
2026-01-29 18:38:54,0.7,0.06494140625,0.0654296875,0.07861328125,16672555008,1347117056,15091048448,9.5,1081101176832,2810757120,1023298064384,0.3,2619,41540,91,0,91,node,3.6,node,0.5,node,0.4,node,3.0568134023576765,node,1.661365038934289,node,0.7356438406779795
2026-01-29 18:39:05,0.9,0.0546875,0.0625,0.07763671875,16672555008,1349775360,15088377856,9.5,1081101176832,2810757120,1023298064384,0.3,2630,41716,91,0,91,node,3.1,node,0.4,python3,0.3,node,3.0568134023576765,node,1.661365038934289,node,0.7356438406779795
2026-01-29 18:39:17,0.1,0.0458984375,0.0595703125,0.07666015625,16672555008,1349382144,15088787456,9.5,1081101176832,2810761216,1023298060288,0.3,2641,41891,91,0,91,node,3.0,node,0.5,node,0.4,node,3.0568134023576765,node,1.661365038934289,node,0.7356438406779795
2026-01-29 18:39:28,0.1,0.1123046875,0.07373046875,0.08154296875,16672555008,1348800512,15089377280,9.5,1081101176832,2810761216,1023298060288,0.3,2652,42066,91,0,91,node,3.0,node,0.4,node,0.3,node,3.0568134023576765,node,1.661365038934289,node,0.736429994929305
2026-01-29 18:39:39,1.1,0.15478515625,0.0859375,0.0859375,16672555008,1356181504,15081996288,9.5,1081101176832,2810761216,1023298060288,0.3,2663,42241,95,0,95,node,4.1,node,0.6,node,0.5,node,3.0568134023576765,node,1.662151193185615,node,0.7372161491806307
2026-01-29 18:39:50,0.4,0.13037109375,0.0830078125,0.0849609375,16672555008,1354240000,15083900928,9.5,1081101176832,2810761216,1023298060288,0.3,2674,42416,92,0,92,node,5.1,node,4.5,node,0.5,node,3.122064205217706,node,1.662151193185615,node,0.7372161491806307
2026-01-29 18:40:01,0.1,0.10986328125,0.080078125,0.083984375,16672555008,1344151552,15093981184,9.5,1081101176832,2810761216,1023298060288,0.3,2685,42591,92,0,92,node,3.0,node,2.4,node,0.5,node,3.0464951278090275,node,1.662151193185615,node,0.7372161491806307
2026-01-29 18:40:12,0.5,0.1728515625,0.09423828125,0.0888671875,16672555008,1343463424,15094693888,9.5,1081101176832,2810765312,1023298056192,0.3,2696,42766,92,1,91,node,3.4,node,0.5,node,0.5,node,3.0504258990656554,node,1.662151193185615,node,0.7372161491806307
2026-01-29 18:40:24,0.8,0.1337890625,0.08837890625,0.08740234375,16672555008,1345814528,15092326400,9.5,1081101176832,2810765312,1023298056192,0.3,2707,42941,92,0,92,node,2.9,node,0.5,node,0.4,node,3.0535705160709585,node,1.662151193185615,node,0.7372161491806307
2026-01-29 18:40:35,0.1,0.11279296875,0.0849609375,0.08642578125,16672555008,1344643072,15093497856,9.5,1081101176832,2810765312,1023298056192,0.3,2718,43116,92,0,92,node,3.0,node,0.5,node,0.4,node,3.0543566703222838,node,1.662151193185615,node,0.7372161491806307
2026-01-29 18:40:46,0.2,0.09521484375,0.08203125,0.08544921875,16672555008,1346129920,15092023296,9.5,1081101176832,2810765312,1023298056192,0.3,2729,43292,92,0,92,node,3.2,node,0.7,node,0.5,node,3.0543566703222838,node,1.662151193185615,node,0.7372161491806307
2026-01-29 18:40:57,0.5,0.080078125,0.0791015625,0.08447265625,16672555008,1347825664,15090315264,9.5,1081101176832,2810765312,1023298056192,0.3,2740,43467,92,0,92,node,3.4,node,0.5,node,0.3,node,3.0567151330762607,node,1.662151193185615,node,0.7372161491806307
2026-01-29 18:41:08,0.2,0.06689453125,0.076171875,0.08349609375,16672555008,1341616128,15096545280,9.5,1081101176832,2810765312,1023298056192,0.3,2751,43642,92,0,92,node,2.9,node,0.5,node,0.5,node,3.057501287327587,node,1.662151193185615,node,0.7372161491806307
2026-01-29 18:41:20,0.2,0.05126953125,0.07177734375,0.08203125,16672555008,1347411968,15090716672,9.5,1081101176832,2810765312,1023298056192,0.3,2762,43817,92,0,92,node,3.1,node,0.5,node,0.4,node,3.058287441578912,node,1.662151193185615,node,0.7372161491806307
2026-01-29 18:41:31,0.9,0.04296875,0.06884765625,0.0810546875,16672555008,1341100032,15097061376,9.4,1081101176832,2810765312,1023298056192,0.3,2773,43993,92,0,92,node,3.4,node,0.5,node,0.3,node,3.058287441578912,node,1.662151193185615,node,0.7372161491806307
2026-01-29 18:41:42,0.6,0.18359375,0.09912109375,0.0908203125,16672555008,1345499136,15092658176,9.5,1081101176832,2810769408,1023298052096,0.3,2784,44168,92,0,92,node,3.1,node,0.5,node,0.3,node,3.058287441578912,node,1.662151193185615,node,0.7372161491806307
2026-01-29 18:41:53,0.2,0.15478515625,0.09521484375,0.08984375,16672555008,1346936832,15091224576,9.5,1081101176832,2810769408,1023298052096,0.3,2795,44343,92,0,92,node,3.1,node,0.5,node,0.5,node,3.058287441578912,node,1.662151193185615,node,0.7372161491806307
2026-01-29 18:42:05,0.8,0.13037109375,0.09130859375,0.0888671875,16672555008,1347756032,15090417664,9.5,1081101176832,2810773504,1023298048000,0.3,2806,44518,92,0,92,node,3.4,node,0.4,node,0.3,node,3.0590735958302377,node,1.662151193185615,node,0.7372161491806307
2026-01-29 18:42:16,8.7,0.1005859375,0.0859375,0.08740234375,16672555008,1406066688,15032045568,9.8,1081101176832,2810773504,1023298048000,0.3,2817,44691,92,2,90,node,21.7,node,7.4,node,0.6,node,3.430924556707272,node,1.6629373474369409,node,0.7372161491806307
2026-01-29 18:42:27,0.3,0.15869140625,0.099609375,0.091796875,16672555008,1380696064,15057375232,9.7,1081101176832,2810781696,1023298039808,0.3,2828,44865,92,0,92,node,4.8,node,4.5,node,0.5,node,3.2798846711713305,node,1.6700127356988714,node,0.7372161491806307
2026-01-29 18:42:38,0.2,0.1337890625,0.095703125,0.09033203125,16672555008,1391321088,15046729728,9.8,1081101176832,2810798080,1023298023424,0.3,2839,45040,92,0,92,node,3.2,node,1.6,node,0.5,node,3.3294123890048466,node,1.6707988899501973,node,0.7372161491806307
2026-01-29 18:42:49,0.6,0.11279296875,0.091796875,0.08935546875,16672555008,1396277248,15041748992,9.8,1081101176832,2810802176,1023298019328,0.3,2850,45215,92,0,92,node,3.6,node,3.4,node,0.3,node,3.365575484565827,node,1.6707988899501973,node,0.7372161491806307
2026-01-29 18:43:01,0.3,0.09521484375,0.087890625,0.08837890625,16672555008,1398870016,15039143936,9.8,1081101176832,2810802176,1023298019328,0.3,2861,45390,92,0,92,node,3.2,node,0.3,node,0.3,node,3.365575484565827,node,1.6707988899501973,node,0.7372161491806307
2026-01-29 18:43:12,0.2,0.0732421875,0.08349609375,0.0869140625,16672555008,1403047936,15034970112,9.8,1081101176832,2810802176,1023298019328,0.3,2872,45565,92,0,92,node,3.0,node,0.5,node,0.4,node,3.365575484565827,node,1.6707988899501973,node,0.7372161491806307
2026-01-29 18:43:23,0.6,0.0615234375,0.08056640625,0.0859375,16672555008,1393004544,15045066752,9.8,1081101176832,2810802176,1023298019328,0.3,2883,45741,92,0,92,node,3.5,node,0.4,node,0.4,node,3.365575484565827,node,1.6707988899501973,node,0.7372161491806307
2026-01-29 18:43:34,0.7,0.05126953125,0.07763671875,0.0849609375,16672555008,1394700288,15043375104,9.8,1081101176832,2810802176,1023298019328,0.3,2894,45916,92,0,92,node,3.2,node,0.5,node,0.4,node,3.3742231813304087,node,1.6707988899501973,node,0.7372161491806307
2026-01-29 18:43:45,0.2,0.04296875,0.07470703125,0.083984375,16672555008,1396883456,15041196032,9.8,1081101176832,2810802176,1023298019328,0.3,2905,46091,92,0,92,node,3.0,node,0.4,node,0.4,node,3.3742231813304087,node,1.6707988899501973,node,0.7380023034319564
2026-01-29 18:43:57,0.4,0.03564453125,0.07177734375,0.0830078125,16672555008,1402634240,15035428864,9.8,1081101176832,2810802176,1023298019328,0.3,2916,46267,92,0,92,node,3.4,node,0.5,node,0.3,node,3.3742231813304087,node,1.6707988899501973,node,0.7380023034319564
2026-01-29 18:44:08,0.6,0.02734375,0.0673828125,0.08154296875,16672555008,1403346944,15034728448,9.8,1081101176832,2810806272,1023298015232,0.3,2927,46442,92,0,92,node,3.1,node,0.4,node,0.3,node,3.3742231813304087,node,1.6707988899501973,node,0.7380023034319564
2026-01-29 18:44:19,0.1,0.0224609375,0.064453125,0.08056640625,16672555008,1401212928,15036846080,9.8,1081101176832,2810806272,1023298015232,0.3,2938,46617,92,0,92,node,3.0,node,0.4,node,0.4,node,3.3742231813304087,node,1.6707988899501973,node,0.7380023034319564
2026-01-29 18:44:30,0.2,0.0185546875,0.0615234375,0.07958984375,16672555008,1399078912,15038980096,9.8,1081101176832,2810806272,1023298015232,0.3,2949,46792,92,0,92,node,2.9,node,0.5,node,0.4,node,3.3750093355817343,node,1.6707988899501973,node,0.7380023034319564
2026-01-29 18:44:42,0.6,0.01513671875,0.05859375,0.07861328125,16672555008,1403473920,15034593280,9.8,1081101176832,2810806272,1023298015232,0.3,2960,46968,92,0,92,node,3.4,node,0.4,node,0.4,node,3.3750093355817343,node,1.6707988899501973,node,0.7380023034319564
2026-01-29 18:44:53,0.5,0.01220703125,0.056640625,0.07763671875,16672555008,1403981824,15034089472,9.8,1081101176832,2810806272,1023298015232,0.3,2971,47143,92,0,92,node,3.1,node,0.4,node,0.3,node,3.3750093355817343,node,1.6707988899501973,node,0.7380023034319564
2026-01-29 18:45:04,0.1,0.0087890625,0.0537109375,0.076171875,16672555008,1404235776,15033839616,9.8,1081101176832,2810810368,1023298011136,0.3,2982,47318,92,0,92,node,3.0,node,0.3,node,0.3,node,3.3750093355817343,node,1.6707988899501973,node,0.7380023034319564
2026-01-29 18:45:15,0.6,0.0068359375,0.0517578125,0.0751953125,16672555008,1402429440,15035617280,9.8,1081101176832,2810810368,1023298011136,0.3,2993,47494,92,0,92,node,3.5,node,0.4,node,0.4,node,3.3750093355817343,node,1.6707988899501973,node,0.7380023034319564
2026-01-29 18:45:26,0.7,0.00537109375,0.0498046875,0.07421875,16672555008,1404506112,15033536512,9.8,1081101176832,2810810368,1023298011136,0.3,3005,47669,92,0,92,node,3.1,node,0.4,node,0.3,node,3.3750093355817343,node,1.6707988899501973,node,0.7380023034319564
2026-01-29 18:45:37,0.1,0.00439453125,0.0478515625,0.0732421875,16672555008,1404653568,15033368576,9.8,1081101176832,2810814464,1023298007040,0.3,3016,47844,92,0,92,node,3.1,node,0.4,node,0.3,node,3.3750093355817343,node,1.6707988899501973,node,0.7380023034319564
2026-01-29 18:45:49,0.1,0.00341796875,0.0458984375,0.072265625,16672555008,1402232832,15035809792,9.8,1081101176832,2810814464,1023298007040,0.3,3027,48019,92,0,92,node,3.0,node,0.4,node,0.4,node,3.3750093355817343,node,1.6707988899501973,node,0.7380023034319564
2026-01-29 18:46:00,0.8,0.001953125,0.04296875,0.07080078125,16672555008,1406394368,15031672832,9.8,1081101176832,2810814464,1023298007040,0.3,3038,48195,92,0,92,node,3.4,node,0.4,node,0.3,node,3.3750093355817343,node,1.6707988899501973,node,0.7380023034319564
2026-01-29 18:46:11,0.2,0.0009765625,0.041015625,0.06982421875,16672555008,1404743680,15033307136,9.8,1081101176832,2810814464,1023298007040,0.3,3049,48370,92,0,92,node,3.0,node,0.4,node,0.4,node,3.3750093355817343,node,1.6707988899501973,node,0.7380023034319564
2026-01-29 18:46:22,0.1,0.0,0.0390625,0.06884765625,16672555008,1404895232,15033147392,9.8,1081101176832,2810814464,1023298007040,0.3,3060,48545,92,0,92,node,3.0,node,0.4,node,0.3,node,3.3750093355817343,node,1.6707988899501973,node,0.738788457683282
2026-01-29 18:46:33,0.7,0.0732421875,0.05419921875,0.07373046875,16672555008,1400532992,15037517824,9.8,1081101176832,2810814464,1023298007040,0.3,3071,48721,92,0,92,node,3.5,node,0.4,node,0.4,node,3.3750093355817343,node,1.6707988899501973,node,0.738788457683282
2026-01-29 18:46:45,0.6,0.0615234375,0.05224609375,0.07275390625,16672555008,1404735488,15033298944,9.8,1081101176832,2810814464,1023298007040,0.3,3082,48896,92,0,92,node,2.9,node,0.4,node,0.4,node,3.3750093355817343,node,1.6707988899501973,node,0.738788457683282
2026-01-29 18:46:56,0.3,0.046875,0.04931640625,0.0712890625,16672555008,1403658240,15034343424,9.8,1081101176832,2810818560,1023298002944,0.3,3093,49071,92,0,92,node,3.3,node,0.5,node,0.3,node,3.3757954898330604,node,1.6707988899501973,node,0.738788457683282
2026-01-29 18:47:07,1.4,0.0390625,0.04736328125,0.0703125,16672555008,1402761216,15035269120,9.8,1081101176832,2810818560,1023298002944,0.3,3104,49246,93,0,93,node,4.2,node,1.6,node,0.3,node,3.43004013317453,node,1.6707988899501973,node,0.738788457683282
2026-01-29 18:47:18,2.1,0.11328125,0.0625,0.0751953125,16672555008,1465769984,14972203008,10.2,1081101176832,2811052032,1023297769472,0.3,3115,49418,92,0,92,node,19.9,node,6.6,node,0.8,node,3.766833527906511,node,1.6723711984528484,node,0.738788457683282
2026-01-29 18:47:30,2.2,0.09521484375,0.0595703125,0.07421875,16672555008,1484374016,14953545728,10.3,1081101176832,2811056128,1023297765376,0.3,3126,49591,92,0,92,node,15.5,node,9.1,node,1.0,node,3.8863289741080096,node,1.6747296612068256,node,0.738788457683282
2026-01-29 18:47:41,4.1,0.080078125,0.05712890625,0.0732421875,16672555008,1464872960,14973022208,10.2,1081101176832,2811068416,1023297753088,0.3,3137,49763,92,0,92,node,23.1,node,7.7,node,1.1,node,3.7654331906463367,node,1.6849496664740586,node,0.738788457683282
2026-01-29 18:47:52,0.9,0.12939453125,0.0703125,0.07763671875,16672555008,1475010560,14962814976,10.3,1081101176832,2811076608,1023297744896,0.3,3148,49936,92,0,92,node,12.9,node,7.3,node,0.8,node,3.802922921506429,node,1.6920250547359899,node,0.7395746119346077
2026-01-29 18:48:03,2.8,0.10888671875,0.0673828125,0.07666015625,16672555008,1456132096,14981677056,10.1,1081101176832,2811084800,1023297736704,0.3,3159,50109,92,0,92,node,15.1,node,5.7,node,0.7,node,3.6874073812022656,node,1.7250435332916672,node,0.7403607661859334
2026-01-29 18:48:14,0.8,0.091796875,0.064453125,0.07568359375,16672555008,1495506944,14942203904,10.4,1081101176832,2811084800,1023297736704,0.3,3170,50280,92,0,92,node,30.1,node,8.9,node,1.4,node,3.9083167258247737,node,1.7274019960456442,node,0.7403607661859334
2026-01-29 18:48:25,1.5,0.0771484375,0.0615234375,0.07470703125,16672555008,1520308224,14917353472,10.5,1081101176832,2811088896,1023297732608,0.3,3181,50453,92,0,92,node,15.5,node,7.9,node,1.1,node,4.012875241251086,node,1.7274019960456442,node,0.7403607661859334
2026-01-29 18:48:37,0.7,0.06494140625,0.05859375,0.07373046875,16672555008,1528336384,14909304832,10.6,1081101176832,2811088896,1023297732608,0.3,3192,50625,92,0,92,node,21.2,node,9.2,node,1.0,node,4.093062974886302,node,1.732118921553598,node,0.7411469204372589
2026-01-29 18:48:48,0.3,0.05029296875,0.0556640625,0.072265625,16672555008,1530871808,14906720256,10.6,1081101176832,2811092992,1023297728512,0.3,3203,50799,92,0,92,node,5.3,node,4.4,node,0.5,node,4.104069134404861,node,1.732118921553598,node,0.7411469204372589
2026-01-29 18:48:59,0.1,0.0419921875,0.0537109375,0.0712890625,16672555008,1429909504,15007694848,10.0,1081101176832,2811092992,1023297728512,0.3,3214,50974,92,0,92,node,5.6,node,3.2,node,0.5,node,3.487625932084134,node,1.732118921553598,node,0.7411469204372589
2026-01-29 18:49:10,0.6,0.03515625,0.0517578125,0.0703125,16672555008,1427550208,15010041856,10.0,1081101176832,2811092992,1023297728512,0.3,3225,51149,92,0,92,node,3.4,node,0.4,node,0.3,node,3.4915567033407626,node,1.732118921553598,node,0.7411469204372589
2026-01-29 18:49:21,0.1,0.029296875,0.0498046875,0.0693359375,16672555008,1427591168,15009984512,10.0,1081101176832,2811092992,1023297728512,0.3,3236,51325,92,0,92,node,3.1,node,0.5,node,0.3,node,3.4962736288487166,node,1.732118921553598,node,0.7411469204372589
2026-01-29 18:49:32,0.1,0.0244140625,0.0478515625,0.068359375,16672555008,1427988480,15009632256,10.0,1081101176832,2811092992,1023297728512,0.3,3247,51500,92,0,92,node,3.0,node,0.4,node,0.3,node,3.5002044001053445,node,1.732118921553598,node,0.7411469204372589
2026-01-29 18:49:44,0.6,0.01806640625,0.044921875,0.06689453125,16672555008,1431314432,15006285824,10.0,1081101176832,2811092992,1023297728512,0.3,3258,51675,92,0,92,node,3.4,node,0.4,node,0.3,node,3.5009905543566706,node,1.732118921553598,node,0.7411469204372589
2026-01-29 18:49:55,0.7,0.01513671875,0.04296875,0.06591796875,16672555008,1429950464,15007666176,10.0,1081101176832,2811092992,1023297728512,0.3,3269,51850,92,0,92,node,2.9,node,0.5,node,0.5,node,3.503349017110647,node,1.732118921553598,node,0.7411469204372589
2026-01-29 18:50:06,0.1,0.01220703125,0.041015625,0.06494140625,16672555008,1429770240,15007830016,10.0,1081101176832,2811097088,1023297724416,0.3,3280,52025,92,0,92,node,2.9,node,0.4,node,0.4,node,3.5049213256132985,node,1.732118921553598,node,0.7411469204372589
2026-01-29 18:50:18,0.1,0.083984375,0.05615234375,0.06982421875,16672555008,1429225472,15008370688,10.0,1081101176832,2811097088,1023297724416,0.3,3291,52201,92,0,92,node,3.0,node,0.4,node,0.4,node,3.5064936341159503,node,1.7329050758049236,node,0.7411469204372589
2026-01-29 18:50:29,0.8,0.07080078125,0.05419921875,0.06884765625,16672555008,1435271168,15002320896,10.0,1081101176832,2811097088,1023297724416,0.3,3302,52376,92,0,92,node,3.3,node,0.5,node,0.3,node,3.5072797883672755,node,1.7329050758049236,node,0.7411469204372589
2026-01-29 18:50:40,0.1,0.0546875,0.05126953125,0.0673828125,16672555008,1434456064,15003111424,10.0,1081101176832,2811097088,1023297724416,0.3,3313,52551,92,0,92,node,3.0,node,0.4,node,0.4,node,3.508065942618601,node,1.7329050758049236,node,0.7411469204372589
2026-01-29 18:50:51,0.2,0.1201171875,0.06591796875,0.072265625,16672555008,1439555584,14998044672,10.0,1081101176832,2811101184,1023297720320,0.3,3324,52727,92,0,92,node,2.9,node,0.4,node,0.3,node,3.5096382511212525,node,1.7329050758049236,node,0.7411469204372589
2026-01-29 18:51:02,0.6,0.10107421875,0.06298828125,0.0712890625,16672555008,1431912448,15005671424,10.0,1081101176832,2811101184,1023297720320,0.3,3335,52902,92,0,92,node,3.4,node,0.4,node,0.4,node,3.510424405372578,node,1.7329050758049236,node,0.7411469204372589
2026-01-29 18:51:13,3.6,0.0849609375,0.06005859375,0.0703125,16672555008,1437364224,15000199168,10.0,1081101176832,2811109376,1023297712128,0.3,3346,53076,92,0,92,node,5.6,node,4.2,node,0.3,node,3.570958282724653,node,1.7329050758049236,node,0.7411469204372589
2026-01-29 18:51:25,3.2,0.07177734375,0.0576171875,0.0693359375,16672555008,1550950400,14886621184,10.7,1081101176832,2811109376,1023297712128,0.3,3357,53246,92,0,92,node,48.1,node,8.2,node,1.2,node,4.240761704854109,node,1.7399804640668544,node,0.7411469204372589
2026-01-29 18:51:36,1.8,0.12939453125,0.0712890625,0.07373046875,16672555008,1485918208,14951612416,10.3,1081101176832,2811117568,1023297703936,0.3,3368,53419,92,0,92,node,12.9,node,5.5,node,0.5,node,3.784251758037444,node,1.7399804640668544,node,0.7411469204372589
2026-01-29 18:51:47,0.6,0.10888671875,0.068359375,0.07275390625,16672555008,1486422016,14951084032,10.3,1081101176832,2811121664,1023297699840,0.3,3379,53594,92,0,92,node,2.9,node,0.5,node,0.3,node,3.7873963750427473,node,1.7399804640668544,node,0.7411469204372589
2026-01-29 18:51:58,0.2,0.091796875,0.0654296875,0.07177734375,16672555008,1487933440,14949560320,10.3,1081101176832,2811125760,1023297695744,0.3,3390,53770,92,0,92,node,3.0,node,0.5,node,0.4,node,3.79054099204805,node,1.7399804640668544,node,0.7411469204372589
2026-01-29 18:52:09,0.3,0.0771484375,0.0625,0.07080078125,16672555008,1521442816,14916005888,10.5,1081101176832,2811129856,1023297691648,0.3,3401,53944,92,0,92,node,8.2,node,4.8,node,0.5,node,4.012236490921884,node,1.7399804640668544,node,0.7411469204372589
2026-01-29 18:52:20,0.6,0.0595703125,0.05810546875,0.0693359375,16672555008,1489514496,14947954688,10.3,1081101176832,2811129856,1023297691648,0.3,3412,54118,92,0,92,node,3.7,node,3.6,node,0.3,node,3.7895337319135387,node,1.7399804640668544,node,0.7419330746885846
2026-01-29 18:52:32,0.2,0.05029296875,0.05615234375,0.068359375,16672555008,1484525568,14952935424,10.3,1081101176832,2811129856,1023297691648,0.3,3423,54294,92,0,92,node,3.2,node,0.5,node,0.4,node,3.793464503170167,node,1.7399804640668544,node,0.7419330746885846
2026-01-29 18:52:43,0.2,0.1162109375,0.07080078125,0.0732421875,16672555008,1488830464,14948626432,10.3,1081101176832,2811129856,1023297691648,0.3,3435,54469,92,0,92,node,3.3,node,0.5,node,0.4,node,3.7966091201754697,node,1.7399804640668544,node,0.7419330746885846
2026-01-29 18:52:54,0.6,0.09765625,0.06787109375,0.072265625,16672555008,1491714048,14945771520,10.4,1081101176832,2811133952,1023297687552,0.3,3446,54644,92,0,92,node,3.4,node,0.4,node,0.3,node,3.798181428678121,node,1.7399804640668544,node,0.7419330746885846
2026-01-29 18:53:05,0.7,0.15625,0.08203125,0.0771484375,16672555008,1489833984,14947631104,10.3,1081101176832,2811133952,1023297687552,0.3,3457,54819,92,0,92,node,3.0,node,1.3,node,0.5,node,3.8060429711913777,node,1.7407666183181802,node,0.7419330746885846
2026-01-29 18:53:16,0.3,0.12109375,0.07763671875,0.07568359375,16672555008,1479835648,14957580288,10.3,1081101176832,2811133952,1023297687552,0.3,3468,54995,92,0,92,node,2.8,node,0.5,node,0.4,node,3.8068291254427034,node,1.7407666183181802,node,0.7419330746885846
2026-01-29 18:53:28,0.7,0.17626953125,0.09130859375,0.08056640625,16672555008,1485012992,14952390656,10.3,1081101176832,2811133952,1023297687552,0.3,3479,55170,92,0,92,node,3.4,node,0.5,node,0.4,node,3.8076152796940286,node,1.7407666183181802,node,0.7419330746885846
2026-01-29 18:53:39,2.0,0.14892578125,0.08740234375,0.07958984375,16672555008,1528602624,14908792832,10.6,1081101176832,2811146240,1023297675264,0.3,3490,55342,92,0,92,node,21.9,node,5.5,node,0.7,node,4.057612331615586,node,1.7423389268208314,node,0.7419330746885846
2026-01-29 18:53:50,0.8,0.2060546875,0.1015625,0.08447265625,16672555008,1542184960,14895222784,10.7,1081101176832,2811150336,1023297671168,0.3,3501,55514,92,0,92,node,24.1,node,10.8,node,1.2,node,4.15273699602599,node,1.7423389268208314,node,0.7419330746885846
2026-01-29 18:54:01,0.4,0.173828125,0.09765625,0.08349609375,16672555008,1548804096,14888587264,10.7,1081101176832,2811150336,1023297671168,0.3,3512,55687,92,0,92,node,13.4,node,5.6,node,0.6,node,4.186541628832993,node,1.7423389268208314,node,0.7419330746885846
2026-01-29 18:54:12,1.4,0.2890625,0.1259765625,0.09375,16672555008,1557557248,14879760384,10.8,1081101176832,2811154432,1023297667072,0.3,3523,55861,92,0,92,node,8.5,node,6.4,node,0.7,node,4.193617017094924,node,1.7423389268208314,node,0.7419330746885846
2026-01-29 18:54:24,3.4,0.244140625,0.12109375,0.091796875,16672555008,1497088000,14940172288,10.4,1081101176832,2811154432,1023297667072,0.3,3534,56034,92,0,92,node,16.2,node,5.9,node,0.8,node,3.91642394154157,node,1.7423389268208314,node,0.7419330746885846
2026-01-29 18:54:35,0.2,0.2060546875,0.1162109375,0.09033203125,16672555008,1503526912,14933770240,10.4,1081101176832,2811154432,1023297667072,0.3,3545,56208,92,0,92,node,5.0,node,4.7,node,0.5,node,3.943153186086642,node,1.7423389268208314,node,0.7419330746885846
2026-01-29 18:54:46,0.7,0.173828125,0.1123046875,0.08935546875,16672555008,1463296000,14973992960,10.2,1081101176832,2811158528,1023297662976,0.3,3556,56383,92,0,92,node,3.6,node,2.5,node,0.4,node,3.6642158307881587,node,1.7423389268208314,node,0.7419330746885846
2026-01-29 18:54:57,2.1,0.146484375,0.1083984375,0.08837890625,16672555008,1475313664,14961909760,10.3,1081101176832,2811162624,1023297658880,0.3,3567,56557,92,0,92,node,7.5,node,4.6,node,0.5,node,3.745189718674701,node,1.7423389268208314,node,0.7419330746885846
2026-01-29 18:55:09,1.9,0.11279296875,0.1025390625,0.0869140625,16672555008,1476747264,14960455680,10.3,1081101176832,2811162624,1023297658880,0.3,3578,56732,92,0,92,node,6.4,node,4.6,node,0.4,node,3.788428202497612,node,1.7423389268208314,node,0.7419330746885846
2026-01-29 18:55:20,1.1,0.09521484375,0.0986328125,0.0859375,16672555008,1482780672,14954446848,10.3,1081101176832,2811162624,1023297658880,0.3,3589,56907,92,0,92,node,3.8,node,2.1,node,0.3,node,3.789214356748938,node,1.7423389268208314,node,0.7419330746885846
2026-01-29 18:55:31,1.6,0.080078125,0.0947265625,0.0849609375,16672555008,1534889984,14902243328,10.6,1081101176832,2811236352,1023297585152,0.3,3600,57077,92,0,92,node,36.8,node,9.5,node,0.9,node,4.219240732224069,node,1.6099702047538749,node,0.7419330746885846
2026-01-29 18:55:42,2.9,0.06689453125,0.0908203125,0.083984375,16672555008,1566040064,14871052288,10.8,1081101176832,2811244544,1023297576960,0.3,3611,57249,92,0,92,node,20.5,node,8.5,node,0.9,node,4.4047731355369235,node,1.6241209812777366,node,0.7419330746885846
2026-01-29 18:55:53,1.6,0.05615234375,0.0869140625,0.0830078125,16672555008,1562079232,14875017216,10.8,1081101176832,2811248640,1023297572864,0.3,3622,57422,92,0,92,node,10.6,node,5.6,node,0.5,node,4.414993140804157,node,1.6264794440317136,node,0.7419330746885846
2026-01-29 18:56:04,0.8,0.04296875,0.08251953125,0.08154296875,16672555008,1552003072,14885097472,10.7,1081101176832,2811248640,1023297572864,0.3,3633,57595,92,0,92,node,21.3,node,7.2,node,0.7,node,4.2695054696682035,node,1.6453471460635292,node,0.7419330746885846
2026-01-29 18:56:16,0.9,0.03564453125,0.07958984375,0.08056640625,16672555008,1531060224,14905966592,10.6,1081101176832,2811252736,1023297568768,0.3,3644,57767,92,2,90,node,18.6,node,6.2,node,0.6,node,4.1591982012790725,node,1.6477056088175062,node,0.7419330746885846
2026-01-29 18:56:27,0.2,0.02978515625,0.07666015625,0.07958984375,16672555008,1542553600,14894452736,10.7,1081101176832,2811256832,1023297564672,0.3,3655,57942,92,0,92,node,6.5,node,4.6,node,0.4,node,4.260612099700082,node,1.6492779173201573,node,0.7427192289399103
2026-01-29 18:56:38,0.6,0.02490234375,0.07373046875,0.07861328125,16672555008,1504415744,14932541440,10.4,1081101176832,2811260928,1023297560576,0.3,3666,58116,92,0,92,node,8.7,node,4.6,node,0.5,node,4.036066791665192,node,1.65242253432546,node,0.7427192289399103
2026-01-29 18:56:49,0.8,0.0947265625,0.08740234375,0.08349609375,16672555008,1521901568,14915022848,10.5,1081101176832,2811260928,1023297560576,0.3,3677,58290,92,0,92,node,7.5,node,5.6,node,0.5,node,4.116254525300409,node,1.6532086885767856,node,0.7435053831912359
2026-01-29 18:57:00,0.3,0.07275390625,0.0830078125,0.08203125,16672555008,1498173440,14938750976,10.4,1081101176832,2811265024,1023297556480,0.3,3688,58465,92,0,92,node,3.3,node,1.5,node,0.4,node,3.984352582320177,node,1.654780997079437,node,0.7435053831912359
2026-01-29 18:57:11,0.2,0.0615234375,0.080078125,0.0810546875,16672555008,1497182208,14939750400,10.4,1081101176832,2811265024,1023297556480,0.3,3699,58640,92,0,92,node,3.0,node,0.5,node,0.4,node,3.9859248908228286,node,1.654780997079437,node,0.7435053831912359
2026-01-29 18:57:23,0.8,0.05126953125,0.0771484375,0.080078125,16672555008,1495515136,14941425664,10.4,1081101176832,2811265024,1023297556480,0.3,3710,58815,92,0,92,node,5.5,node,0.5,node,0.4,node,3.986711045074154,node,1.6177089106653615,node,0.7435053831912359
2026-01-29 18:57:34,0.6,0.1171875,0.0908203125,0.0849609375,16672555008,1495367680,14941556736,10.4,1081101176832,2811265024,1023297556480,0.3,3721,58990,92,0,92,node,3.6,node,0.3,node,0.3,node,3.98749719932548,node,1.6184950649166874,node,0.7435053831912359
2026-01-29 18:57:45,0.3,0.0986328125,0.0869140625,0.083984375,16672555008,1497546752,14939377664,10.4,1081101176832,2811265024,1023297556480,0.3,3732,59166,92,0,92,node,3.4,node,0.4,node,0.4,node,3.9882833535768056,node,1.6184950649166874,node,0.7435053831912359
2026-01-29 18:57:56,0.5,0.076171875,0.08251953125,0.08251953125,16672555008,1492307968,14944628736,10.4,1081101176832,2811265024,1023297556480,0.3,3743,59341,95,1,94,node,3.8,node,0.4,node,0.3,node,3.9906418163307826,node,1.619281219168013,node,0.7435053831912359
2026-01-29 18:58:07,0.6,0.06396484375,0.07958984375,0.08154296875,16672555008,1500065792,14936887296,10.4,1081101176832,2811265024,1023297556480,0.3,3754,59516,92,0,92,node,3.4,node,0.5,node,0.4,node,3.9969310503413875,node,1.6200673734193385,node,0.7435053831912359
2026-01-29 18:58:18,0.1,0.0537109375,0.07666015625,0.08056640625,16672555008,1496580096,14940360704,10.4,1081101176832,2811269120,1023297552384,0.3,3765,59691,92,0,92,node,3.4,node,0.5,node,0.3,node,3.9977172045927127,node,1.6208535276706644,node,0.7435053831912359
2026-01-29 18:58:30,0.1,0.044921875,0.07373046875,0.07958984375,16672555008,1502392320,14934540288,10.4,1081101176832,2811269120,1023297552384,0.3,3776,59867,92,0,92,node,3.2,node,0.5,node,0.4,node,4.002434130100667,node,1.6208535276706644,node,0.7435053831912359
2026-01-29 18:58:41,0.6,0.03759765625,0.07080078125,0.07861328125,16672555008,1499910144,14937030656,10.4,1081101176832,2811269120,1023297552384,0.3,3787,60042,92,0,92,node,3.6,node,0.4,node,0.3,node,4.003220284351993,node,1.6208535276706644,node,0.7435053831912359
2026-01-29 18:58:47,1.1,0.03125,0.06787109375,0.07763671875,16672555008,1508417536,14928531456,10.5,1081101176832,2811269120,1023297552384,0.3,3794,60144,93,0,93,systemd,0.0,init-systemd(Ub,0.0,init,0.0,node,4.0040064386033185,node,1.6213448740777427,node,0.7435053831912359
2026-01-29 18:58:52,0.9,0.0283203125,0.06640625,0.0771484375,16672555008,1513160704,14923800576,10.5,1081101176832,2811269120,1023297552384,0.3,3798,60216,97,0,97,node,4.7,node,1.0,node,0.9,node,4.005578747105969,node,1.6307787250936505,node,0.7442915374425616
2026-01-29 18:58:59,0.2,0.02587890625,0.06494140625,0.07666015625,16672555008,1511559168,14925377536,10.5,1081101176832,2811273216,1023297548288,0.3,3805,60318,94,0,94,node,4.3,node,0.9,node,0.8,node,4.005578747105969,node,1.6315648793449762,node,0.7442915374425616
2026-01-29 18:59:04,0.3,0.0234375,0.0634765625,0.076171875,16672555008,1511424000,14925520896,10.5,1081101176832,2811277312,1023297544192,0.3,3809,60391,94,0,94,node,3.7,node,1.0,node,0.5,node,4.006364901357296,node,1.6315648793449762,node,0.7442915374425616
2026-01-29 18:59:10,0.4,0.021484375,0.06201171875,0.07568359375,16672555008,1511563264,14925365248,10.5,1081101176832,2811285504,1023297536000,0.3,3816,60493,99,1,98,node,3.5,node,1.0,node,0.5,node,4.006364901357296,node,1.6315648793449762,node,0.7442915374425616
2026-01-29 18:59:15,1.0,0.01953125,0.060546875,0.0751953125,16672555008,1506791424,14930120704,10.5,1081101176832,2811285504,1023297536000,0.3,3820,60566,97,0,97,node,4.3,node,0.9,node,0.5,node,4.006364901357296,node,1.6339233420989534,node,0.7442915374425616
2026-01-29 18:59:21,1.2,0.017578125,0.05908203125,0.07470703125,16672555008,1505091584,14931832832,10.4,1081101176832,2811285504,1023297536000,0.3,3827,60668,94,0,94,node,5.2,node,0.5,node,0.5,node,4.006364901357296,node,1.6339233420989534,node,0.7442915374425616
2026-01-29 18:59:26,1.4,0.01611328125,0.0576171875,0.07421875,16672555008,1513943040,14922973184,10.5,1081101176832,2811285504,1023297536000,0.3,3831,60740,95,0,95,node,4.9,node,0.9,node,0.8,node,4.006364901357296,node,1.6354956506016045,node,0.7450776916938873
2026-01-29 18:59:32,0.9,0.01318359375,0.0556640625,0.0732421875,16672555008,1516101632,14920830976,10.5,1081101176832,2811285504,1023297536000,0.3,3838,60842,95,0,95,node,4.4,node,1.2,node,0.9,node,4.006364901357296,node,1.6354956506016045,node,0.7450776916938873
